date,priceClose
2025-10-16,3894.75439
2025-10-15,3987.459563
2025-10-14,4125.412116
2025-10-13,4245.467989
2025-10-12,4164.427885
2025-10-11,3750.611531
2025-10-10,3843.008795
2025-10-09,4369.143754
2025-10-08,4527.648174
2025-10-07,4451.151669
2025-10-06,4687.771472
2025-10-05,4515.42298
2025-10-04,4489.197231
2025-10-03,4514.870455
2025-10-02,4487.924042
2025-10-01,4351.112394
2025-09-30,4145.957727
2025-09-29,4217.341585
2025-09-28,4141.476502
2025-09-27,4018.658236
2025-09-26,4035.887826
2025-09-25,3868.334061
2025-09-24,4153.469155
2025-09-23,4165.50391
2025-09-22,4202.877304
2025-09-21,4451.328972
2025-09-20,4482.265602
2025-09-19,4470.917079
2025-09-18,4589.919047
2025-09-17,4592.73337
2025-09-16,4503.564611
2025-09-15,4526.820245
2025-09-14,4609.597612
2025-09-13,4668.179795
2025-09-12,4715.24631
2025-09-11,4461.233333
2025-09-10,4349.146149
2025-09-09,4309.041575
2025-09-08,4308.072318
2025-09-07,4305.347668
2025-09-06,4274.242063
2025-09-05,4306.988932
2025-09-04,4298.744222
2025-09-03,4450.388959
2025-09-02,4325.36584
2025-09-01,4314.470429
2025-08-31,4390.01913
2025-08-30,4374.153378
2025-08-29,4360.153006
2025-08-28,4507.177676
2025-08-27,4503.392844
2025-08-26,4600.426742
2025-08-25,4372.987767
2025-08-24,4779.647332
2025-08-23,4776.090353
2025-08-22,4831.348723
2025-08-21,4223.209853
2025-08-20,4334.500393
2025-08-19,4073.464201
2025-08-18,4312.505009
2025-08-17,4473.271556
2025-08-16,4426.180311
2025-08-15,4439.988633
2025-08-14,4548.166626
2025-08-13,4756.275876
2025-08-12,4590.925019
2025-08-11,4226.967025
2025-08-10,4254.217597
2025-08-09,4263.598935
2025-08-08,4009.848994
2025-08-07,3914.325937
2025-08-06,3683.920627
2025-08-05,3611.899304
2025-08-04,3718.986033
2025-08-03,3497.379107
2025-08-02,3392.74127
2025-08-01,3488.365932
2025-07-31,3696.707781
2025-07-30,3808.201678
2025-07-29,3793.454925
2025-07-28,3787.425698
2025-07-27,3875.246471
2025-07-26,3741.396104
2025-07-25,3727.266894
2025-07-24,3708.005705
2025-07-23,3629.703539
2025-07-22,3749.145436
2025-07-21,3763.371253
2025-07-20,3759.471442
2025-07-19,3595.273669
2025-07-18,3549.016245
2025-07-17,3476.784398
2025-07-16,3371.506723
2025-07-15,3139.889718
2025-07-14,3013.350859
2025-07-13,2973.358989
2025-07-12,2942.911663
2025-07-11,2957.886198
2025-07-10,2954.845218
2025-07-09,2770.777634
2025-07-08,2615.505759
2025-07-07,2543.013249
2025-07-06,2571.236478
2025-07-05,2517.280021
2025-07-04,2508.518201
2025-07-03,2591.007274
2025-07-02,2571.335495
2025-07-01,2405.79284
2025-06-30,2486.464333
2025-06-29,2500.960035
2025-06-28,2437.109487
2025-06-27,2423.866844
2025-06-26,2416.1467
2025-06-25,2419.310248
2025-06-24,2448.00886
2025-06-23,2421.824891
2025-06-22,2228.213145
2025-06-21,2300.495639
2025-06-20,2407.304276
2025-06-19,2521.65367
2025-06-18,2524.301531
2025-06-17,2510.761492
2025-06-16,2540.605066
2025-06-15,2546.837159
2025-06-14,2533.444192
2025-06-13,2579.486039
2025-06-12,2651.795239
2025-06-11,2773.52932
2025-06-10,2813.517472
2025-06-09,2681.517195
2025-06-08,2510.787
2025-06-07,2526.505394
2025-06-06,2477.19481
2025-06-05,2416.285592
2025-06-04,2608.643033
2025-06-03,2593.280259
2025-06-02,2607.097499
2025-06-01,2536.266309
2025-05-31,2529.087378
2025-05-30,2529.943648
2025-05-29,2632.654876
2025-05-28,2682.21284
2025-05-27,2663.069727
2025-05-26,2564.138418
2025-05-25,2551.763815
2025-05-24,2530.646231
2025-05-23,2526.441981
2025-05-22,2664.157047
2025-05-21,2552.347201
2025-05-20,2524.173212
2025-05-19,2529.166672
2025-05-18,2498.233554
2025-05-17,2475.75447
2025-05-16,2536.297599
2025-05-15,2546.856877
2025-05-14,2610.063121
2025-05-13,2680.129604
2025-05-12,2496.397689
2025-05-11,2510.237906
2025-05-10,2582.422705
2025-05-09,2345.507262
2025-05-08,2206.514675
2025-05-07,1811.606645
2025-05-06,1815.087468
2025-05-05,1819.6975
2025-05-04,1808.59428
2025-05-03,1833.839712
2025-05-02,1842.707828
2025-05-01,1839.221584
2025-04-30,1793.775362
2025-04-29,1799.175657
2025-04-28,1798.85178
2025-04-27,1792.865034
2025-04-26,1821.881156
2025-04-25,1786.634497
2025-04-24,1769.831687
2025-04-23,1796.104189
2025-04-22,1757.331703
2025-04-21,1579.734556
2025-04-20,1587.514228
2025-04-19,1612.922809
2025-04-18,1588.924673
2025-04-17,1582.548302
2025-04-16,1578.105374
2025-04-15,1588.632458
2025-04-14,1622.769898
2025-04-13,1596.685753
2025-04-12,1643.528527
2025-04-11,1567.149841
2025-04-10,1522.518774
2025-04-09,1668.040032
2025-04-08,1472.55313
2025-04-07,1555.240952
2025-04-06,1576.728088
2025-04-05,1805.973241
2025-04-04,1815.335231
2025-04-03,1815.637261
2025-04-02,1795.313206
2025-04-01,1905.4914
2025-03-31,1823.480005
2025-03-30,1806.218646
2025-03-29,1827.320323
2025-03-28,1895.502873
2025-03-27,2002.357436
2025-03-26,2009.189346
2025-03-25,2067.764237
2025-03-24,2077.479064
2025-03-23,2005.299231
2025-03-22,1980.037809
2025-03-21,1964.847481
2025-03-20,1982.099894
2025-03-19,2057.749134
2025-03-18,1932.543409
2025-03-17,1927.002903
2025-03-16,1887.435018
2025-03-15,1937.394677
2025-03-14,1909.467521
2025-03-13,1862.969647
2025-03-12,1908.982685
2025-03-11,1919.844949
2025-03-10,1861.151391
2025-03-09,2015.509109
2025-03-08,2201.510222
2025-03-07,2138.987427
2025-03-06,2202.476838
2025-03-05,2241.977322
2025-03-04,2170.015169
2025-03-03,2145.573894
2025-03-02,2519.694473
2025-03-01,2216.643328
2025-02-28,2237.905242
2025-02-27,2305.484393
2025-02-26,2331.452609
2025-02-25,2493.592433
2025-02-24,2513.821193
2025-02-23,2821.310201
2025-02-22,2764.029309
2025-02-21,2659.655527
2025-02-20,2740.386543
2025-02-19,2715.770908
2025-02-18,2669.33875
2025-02-17,2743.19975
2025-02-16,2663.315848
2025-02-15,2693.559799
2025-02-14,2726.091632
2025-02-13,2675.90252
2025-02-12,2736.902004
2025-02-11,2602.782007
2025-02-10,2661.166805
2025-02-09,2628.721113
2025-02-08,2632.308332
2025-02-07,2622.211178
2025-02-06,2688.400859
2025-02-05,2787.778969
2025-02-04,2735.051208
2025-02-03,2884.566631
2025-02-02,2868.692868
2025-02-01,3118.328625
2025-01-31,3298.265188
2025-01-30,3247.779951
2025-01-29,3112.99891
2025-01-28,3077.112633
2025-01-27,3178.920519
2025-01-26,3236.134183
2025-01-25,3317.269506
2025-01-24,3309.554999
2025-01-23,3334.714202
2025-01-22,3240.224527
2025-01-21,3327.406261
2025-01-20,3278.035365
2025-01-19,3208.964374
2025-01-18,3305.789591
2025-01-17,3474.107276
2025-01-16,3308.345269
2025-01-15,3450.537612
2025-01-14,3223.684629
2025-01-13,3135.49972
2025-01-12,3265.951151
2025-01-11,3282.217722
2025-01-10,3267.49004
2025-01-09,3219.430735
2025-01-08,3326.329276
2025-01-07,3381.577316
2025-01-06,3688.61134
2025-01-05,3634.103663
2025-01-04,3657.706685
2025-01-03,3605.009658
2025-01-02,3451.392693
2025-01-01,3353.504174
2024-12-31,3332.531721
2024-12-30,3356.392699
2024-12-29,3349.51334
2024-12-28,3397.902273
2024-12-27,3328.916871
2024-12-26,3331.225882
2024-12-25,3493.235281
2024-12-24,3492.04976
2024-12-23,3415.78541
2024-12-22,3277.535188
2024-12-21,3337.222472
2024-12-20,3472.553407
2024-12-19,3417.927868
2024-12-18,3618.791374
2024-12-17,3886.766043
2024-12-16,3987.481041
2024-12-15,3951.94114
2024-12-14,3868.405222
2024-12-13,3911.205232
2024-12-12,3883.1015
2024-12-11,3832.822048
2024-12-10,3631.83363
2024-12-09,3718.690456
2024-12-08,4005.704576
2024-12-07,4002.692701
2024-12-06,4005.810543
2024-12-05,3811.008252
2024-12-04,3841.331166
2024-12-03,3620.711687
2024-12-02,3644.198579
2024-12-01,3711.165096
2024-11-30,3705.705202
2024-11-29,3593.4943
2024-11-28,3579.811477
2024-11-27,3657.249302
2024-11-26,3326.51741
2024-11-25,3413.5439
2024-11-24,3363.659893
2024-11-23,3396.223433
2024-11-22,3331.600876
2024-11-21,3361.053927
2024-11-20,3072.18794
2024-11-19,3111.38399
2024-11-18,3207.85634
2024-11-17,3075.661512
2024-11-16,3133.273828
2024-11-15,3103.040409
2024-11-14,3058.948769
2024-11-13,3192.596043
2024-11-12,3246.257258
2024-11-11,3374.812884
2024-11-10,3191.331356
2024-11-09,3141.07309
2024-11-08,2962.296742
2024-11-07,2895.585494
2024-11-06,2724.169166
2024-11-05,2422.65073
2024-11-04,2397.026458
2024-11-03,2456.425173
2024-11-02,2491.068591
2024-11-01,2511.885548
2024-10-31,2515.799222
2024-10-30,2657.372557
2024-10-29,2637.957581
2024-10-28,2565.348033
2024-10-27,2505.940664
2024-10-26,2479.603209
2024-10-25,2435.933986
2024-10-24,2534.498648
2024-10-23,2509.098785
2024-10-22,2620.197577
2024-10-21,2665.712047
2024-10-20,2746.363993
2024-10-19,2648.656893
2024-10-18,2641.552286
2024-10-17,2604.273475
2024-10-16,2611.102016
2024-10-15,2606.021869
2024-10-14,2628.899897
2024-10-13,2467.676963
2024-10-12,2476.523102
2024-10-11,2436.513482
2024-10-10,2383.857844
2024-10-09,2368.283539
2024-10-08,2439.84094
2024-10-07,2421.796751
2024-10-06,2439.957801
2024-10-05,2415.631848
2024-10-04,2414.793939
2024-10-03,2349.791191
2024-10-02,2365.231729
2024-10-01,2448.921189
2024-09-30,2603.062688
2024-09-29,2659.346848
2024-09-28,2677.539102
2024-09-27,2695.900596
2024-09-26,2632.199912
2024-09-25,2579.388569
2024-09-24,2654.354933
2024-09-23,2648.54643
2024-09-22,2582.862476
2024-09-21,2615.857146
2024-09-20,2561.072002
2024-09-19,2464.752133
2024-09-18,2369.729026
2024-09-17,2341.707763
2024-09-16,2295.283775
2024-09-15,2320.897242
2024-09-14,2418.595774
2024-09-13,2441.607273
2024-09-12,2361.781623
2024-09-11,2339.841565
2024-09-10,2389.580938
2024-09-09,2358.482197
2024-09-08,2297.292862
2024-09-07,2274.107065
2024-09-06,2223.876501
2024-09-05,2367.737574
2024-09-04,2448.976963
2024-09-03,2420.603644
2024-09-02,2538.187376
2024-09-01,2427.902281
2024-08-31,2513.39374
2024-08-30,2525.821919
2024-08-29,2528.792715
2024-08-28,2528.415504
2024-08-27,2458.726473
2024-08-26,2681.340514
2024-08-25,2749.157667
2024-08-24,2769.389732
2024-08-23,2764.447103
2024-08-22,2622.951355
2024-08-21,2631.395604
2024-08-20,2573.106858
2024-08-19,2637.30629
2024-08-18,2613.357179
2024-08-17,2614.546768
2024-08-16,2593.186443
2024-08-15,2570.08773
2024-08-14,2662.914791
2024-08-13,2703.671846
2024-08-12,2724.431859
2024-08-11,2553.25224
2024-08-10,2610.022848
2024-08-09,2599.598584
2024-08-08,2683.352798
2024-08-07,2336.589375
2024-08-06,2458.72387
2024-08-05,2417.206184
2024-08-04,2686.398861
2024-08-03,2903.385703
2024-08-02,2986.013153
2024-08-01,3201.564447
2024-07-31,3231.295707
2024-07-30,3278.667793
2024-07-29,3320.53921
2024-07-28,3271.464636
2024-07-27,3247.607982
2024-07-26,3275.951424
2024-07-25,3174.427315
2024-07-24,3336.339424
2024-07-23,3481.995954
2024-07-22,3440.419892
2024-07-21,3536.60544
2024-07-20,3519.295344
2024-07-19,3505.734841
2024-07-18,3426.258591
2024-07-17,3388.752373
2024-07-16,3443.513502
2024-07-15,3489.552687
2024-07-14,3244.079092
2024-07-13,3177.198639
2024-07-12,3134.158663
2024-07-11,3100.330753
2024-07-10,3102.218794
2024-07-09,3064.032884
2024-07-08,3018.732032
2024-07-07,2929.387232
2024-07-06,3069.377928
2024-07-05,2981.598696
2024-07-04,3054.521964
2024-07-03,3292.916787
2024-07-02,3416.354728
2024-07-01,3440.341625
2024-06-30,3432.88909
2024-06-29,3372.967862
2024-06-28,3373.63594
2024-06-27,3444.800538
2024-06-26,3369.4772
2024-06-25,3395.029005
2024-06-24,3350.256351
2024-06-23,3418.611877
2024-06-22,3494.813388
2024-06-21,3516.075562
2024-06-20,3511.086923
2024-06-19,3559.34731
2024-06-18,3483.681354
2024-06-17,3511.379017
2024-06-16,3620.563446
2024-06-15,3565.549506
2024-06-14,3480.271918
2024-06-13,3469.281251
2024-06-12,3559.617645
2024-06-11,3498.33055
2024-06-10,3666.717522
2024-06-09,3705.903804
2024-06-08,3680.949899
2024-06-07,3678.629122
2024-06-06,3811.605851
2024-06-05,3864.260948
2024-06-04,3812.515909
2024-06-03,3766.389157
2024-06-02,3780.895888
2024-06-01,3813.198866
2024-05-31,3760.026686
2024-05-30,3746.84972
2024-05-29,3763.196457
2024-05-28,3840.256432
2024-05-27,3892.006734
2024-05-26,3825.897552
2024-05-25,3749.236571
2024-05-24,3726.934551
2024-05-23,3776.927298
2024-05-22,3737.217868
2024-05-21,3789.312821
2024-05-20,3663.855571
2024-05-19,3071.842949
2024-05-18,3122.949062
2024-05-17,3094.118761
2024-05-16,2945.131066
2024-05-15,3037.056645
2024-05-14,2881.158053
2024-05-13,2949.359561
2024-05-12,2928.702013
2024-05-11,2911.602056
2024-05-10,2909.791147
2024-05-09,3036.020583
2024-05-08,2973.657244
2024-05-07,3006.577114
2024-05-06,3062.728675
2024-05-05,3137.248918
2024-05-04,3117.576531
2024-05-03,3103.542109
2024-05-02,2988.168507
2024-05-01,2969.784787
2024-04-30,3012.286744
2024-04-29,3215.42897
2024-04-28,3262.774742
2024-04-27,3252.168176
2024-04-26,3130.164711
2024-04-25,3156.509542
2024-04-24,3139.805269
2024-04-23,3219.911541
2024-04-22,3201.652057
2024-04-21,3147.288474
2024-04-20,3157.627204
2024-04-19,3059.278455
2024-04-18,3066.02763
2024-04-17,2984.727628
2024-04-16,3084.920165
2024-04-15,3101.600446
2024-04-14,3156.941967
2024-04-13,3004.900445
2024-04-12,3243.034955
2024-04-11,3505.247854
2024-04-10,3543.737133
2024-04-09,3505.163355
2024-04-08,3695.292844
2024-04-07,3453.494569
2024-04-06,3354.183863
2024-04-05,3318.885169
2024-04-04,3330.040594
2024-04-03,3311.441783
2024-04-02,3277.234699
2024-04-01,3505.030039
2024-03-31,3647.85638
2024-03-30,3507.944363
2024-03-29,3511.806166
2024-03-28,3561.294058
2024-03-27,3500.115224
2024-03-26,3587.505002
2024-03-25,3590.883773
2024-03-24,3454.636468
2024-03-23,3336.594078
2024-03-22,3333.687991
2024-03-21,3492.991332
2024-03-20,3513.393032
2024-03-19,3157.618179
2024-03-18,3517.98513
2024-03-17,3642.413006
2024-03-16,3522.8602
2024-03-15,3735.220255
2024-03-14,3883.140356
2024-03-13,4006.456952
2024-03-12,3980.273244
2024-03-11,4066.44499
2024-03-10,3881.193189
2024-03-09,3915.418867
2024-03-08,3892.061139
2024-03-07,3874.347702
2024-03-06,3819.226313
2024-03-05,3554.964648
2024-03-04,3630.433819
2024-03-03,3490.993637
2024-03-02,3422.049921
2024-03-01,3435.053929
2024-02-29,3341.919603
2024-02-28,3385.70397
2024-02-27,3244.519247
2024-02-26,3178.993694
2024-02-25,3112.697353
2024-02-24,2992.386096
2024-02-23,2921.658309
2024-02-22,2971.007328
2024-02-21,2970.355582
2024-02-20,3013.5036
2024-02-19,2943.574801
2024-02-18,2878.998155
2024-02-17,2786.672672
2024-02-16,2803.691413
2024-02-15,2824.378942
2024-02-14,2777.902246
2024-02-13,2642.185304
2024-02-12,2658.116021
2024-02-11,2507.570571
2024-02-10,2501.22831
2024-02-09,2487.515665
2024-02-08,2419.906523
2024-02-07,2423.745054
2024-02-06,2372.201805
2024-02-05,2298.888905
2024-02-04,2289.546121
2024-02-03,2296.038221
2024-02-02,2308.03807
2024-02-01,2303.824822
2024-01-31,2282.544542
2024-01-30,2344.493698
2024-01-29,2317.06412
2024-01-28,2257.208834
2024-01-27,2267.886078
2024-01-26,2267.199799
2024-01-25,2217.710275
2024-01-24,2233.561767
2024-01-23,2240.68594
2024-01-22,2310.826402
2024-01-21,2453.913098
2024-01-20,2469.589123
2024-01-19,2489.498623
2024-01-18,2467.018847
2024-01-17,2528.369406
2024-01-16,2587.691115
2024-01-15,2511.363697
2024-01-14,2472.241275
2024-01-13,2576.597905
2024-01-12,2524.460148
2024-01-11,2619.619078
2024-01-10,2582.103528
2024-01-09,2344.827159
2024-01-08,2333.032746
2024-01-07,2222.865888
2024-01-06,2241.62471
2024-01-05,2268.647227
2024-01-04,2269.038183
2024-01-03,2210.761892
2024-01-02,2355.836475
2024-01-01,2352.327941
2023-12-31,2281.471302
2023-12-30,2292.065335
2023-12-29,2300.690768
2023-12-28,2347.566066
2023-12-27,2378.74011
2023-12-26,2231.465336
2023-12-25,2272.561667
2023-12-24,2265.692143
2023-12-23,2309.046375
2023-12-22,2326.524957
2023-12-21,2239.542413
2023-12-20,2201.911456
2023-12-19,2177.872611
2023-12-18,2217.273349
2023-12-17,2196.481159
2023-12-16,2226.92652
2023-12-15,2219.33731
2023-12-14,2316.579007
2023-12-13,2260.648768
2023-12-12,2202.037968
2023-12-11,2224.578785
2023-12-10,2352.462756
2023-12-09,2341.175233
2023-11-30,2052.556076
2023-11-29,2029.929181
2023-11-28,2049.338128
2023-11-27,2027.417299
2023-11-26,2063.286241
2023-11-25,2084.413071
2023-11-24,2081.152043
2023-11-23,2062.210727
2023-11-22,2064.425215
2023-11-21,1937.066803
2023-11-20,2022.239128
2023-11-19,2013.204447
2023-11-18,1963.285013
2023-11-17,1961.280721
2023-11-16,1960.881552
2023-11-15,2060.408402
2023-11-14,1979.052672
2023-11-05,1894.157684
2023-11-04,1857.698596
2023-11-01,1847.089746
2023-10-31,1816.458932
2023-10-30,1810.088568
2023-10-29,1795.545963
2023-10-28,1776.618176
2023-10-27,1780.045346
2023-10-26,1804.0393
2023-10-25,1787.397624
2023-10-24,1784.43746
2023-10-23,1765.382643
2023-10-22,1663.429945
2023-10-21,1629.304477
2023-10-20,1604.666867
2023-10-19,1567.457073
2023-10-18,1563.749884
2023-10-17,1565.439566
2023-10-16,1600.534276
2023-10-15,1558.069793
2023-10-14,1555.256809
2023-10-13,1552.089468
2023-10-12,1539.61244
2023-10-11,1566.254786
2023-10-10,1567.712967
2023-10-09,1579.806608
2023-10-08,1633.548572
2023-10-07,1634.511273
2023-10-06,1645.831487
2023-10-05,1611.476466
2023-10-04,1647.83809
2023-10-03,1656.685624
2023-10-02,1663.627529
2023-10-01,1733.810478
2023-09-30,1671.161811
2023-09-29,1667.943833
2023-09-28,1652.882746
2023-09-27,1597.491226
2023-09-26,1593.417193
2023-09-25,1588.322868
2023-09-24,1580.853362
2023-09-22,1593.26833
2023-09-17,1622.896753
2023-09-16,1635.221712
2023-09-15,1641.640344
2023-09-14,1626.974326
2023-09-13,1607.988485
2023-09-12,1592.429438
2023-09-11,1551.637672
2023-09-10,1616.82888
2023-09-09,1635.162317
2023-09-08,1636.13784
2023-09-07,1647.598219
2023-09-06,1632.252284
2023-09-05,1633.629345
2023-09-04,1629.655226
2023-09-03,1636.117679
2023-09-02,1637.025339
2023-09-01,1628.491193
2023-08-31,1645.639124
2023-08-30,1705.112142
2023-08-29,1729.72565
2023-08-28,1652.457436
2023-08-27,1657.513073
2023-08-26,1646.306818
2023-08-25,1652.935117
2023-08-24,1659.944623
2023-08-23,1679.274471
2023-08-22,1633.892627
2023-08-21,1667.2691
2023-08-20,1684.85205
2023-08-19,1669.471871
2023-08-18,1660.945128
2023-08-17,1684.933457
2023-08-16,1805.659001
2023-08-15,1826.932798
2023-08-14,1844.185765
2023-08-13,1839.280176
2023-08-12,1848.889882
2023-08-11,1847.124362
2023-08-10,1850.753455
2023-08-09,1854.297549
2023-08-08,1855.807321
2023-08-07,1826.938789
2023-08-06,1827.462079
2023-08-05,1834.987917
2023-08-04,1827.712941
2023-08-03,1835.136526
2023-08-02,1839.089707
2023-08-01,1871.79217
2023-07-31,1856.16234
2023-07-30,1861.643855
2023-07-29,1881.068877
2023-07-28,1874.744926
2023-07-27,1860.357221
2023-07-26,1872.159936
2023-07-25,1857.741958
2023-07-24,1850.002075
2023-07-23,1889.191672
2023-07-22,1864.912295
2023-07-21,1892.080132
2023-07-20,1890.969109
2023-07-19,1889.007964
2023-07-18,1897.599225
2023-07-17,1911.646157
2023-07-16,1923.681857
2023-07-15,1931.466589
2023-07-14,1939.34709
2023-07-13,2006.511512
2023-07-12,1872.113799
2023-07-11,1878.336108
2023-07-10,1880.556455
2023-07-09,1863.00981
2023-07-08,1865.539602
2023-07-07,1870.602596
2023-07-06,1848.636487
2023-07-05,1910.588045
2023-07-04,1936.633589
2023-07-03,1955.389105
2023-07-02,1937.438391
2023-07-01,1924.56595
2023-06-30,1933.188982
2023-06-29,1852.22729
2023-06-28,1827.971191
2023-06-27,1889.703373
2023-06-26,1859.432858
2023-06-25,1900.506136
2023-06-24,1876.059702
2023-06-23,1892.862108
2023-06-22,1872.943047
2023-06-21,1891.00715
2023-06-20,1792.119945
2023-06-19,1737.659409
2023-06-18,1720.577492
2023-06-17,1727.204152
2023-06-16,1716.668853
2023-06-15,1665.519818
2023-06-14,1650.519241
2023-06-13,1739.037544
2023-06-12,1742.52864
2023-06-11,1753.41524
2023-06-10,1752.384727
2023-06-09,1840.225178
2023-06-08,1846.301869
2023-06-07,1832.395961
2023-06-06,1884.494838
2023-06-05,1811.82836
2023-06-04,1890.51356
2023-06-03,1892.412529
2023-06-02,1907.256636
2023-06-01,1862.201451
2023-05-31,1874.130435
2023-05-30,1901.026568
2023-05-29,1893.078085
2023-05-28,1910.914158
2023-05-27,1831.118308
2023-05-26,1828.689744
2023-05-25,1805.953683
2023-05-24,1800.100017
2023-05-23,1854.380631
2023-05-22,1817.534825
2023-05-21,1804.53138
2023-05-20,1820.478001
2023-05-19,1812.58951
2023-05-18,1801.728481
2023-05-17,1821.859581
2023-05-16,1824.121455
2023-05-15,1817.549887
2023-05-14,1800.50101
2023-05-13,1796.114927
2023-05-12,1808.019745
2023-05-11,1796.490614
2023-05-10,1842.401436
2023-05-09,1848.60313
2023-05-08,1849.042756
2023-05-07,1873.076471
2023-05-06,1900.221784
2023-05-05,1995.060885
2023-05-04,1877.704143
2023-05-03,1904.651898
2023-05-02,1870.789266
2023-05-01,1831.9548
2023-04-30,1876.924327
2023-04-29,1908.916986
2023-04-28,1892.512762
2023-04-27,1908.786404
2023-04-26,1866.564237
2023-04-25,1866.753603
2023-04-24,1842.757451
2023-04-23,1862.062057
2023-04-22,1874.228581
2023-04-21,1849.999846
2023-04-20,1943.09767
2023-04-19,1936.403465
2023-04-18,2104.537267
2023-04-17,2076.243004
2023-04-16,2120.00582
2023-04-15,2092.466853
2023-04-14,2101.6355
2023-04-13,2012.634644
2023-04-12,1920.682189
2023-04-11,1892.189716
2023-04-10,1911.207511
2023-04-09,1859.387771
2023-04-08,1849.498177
2023-04-07,1865.636061
2023-04-06,1872.922662
2023-04-05,1909.114063
2023-04-04,1871.005176
2023-04-03,1810.297139
2023-04-02,1795.708092
2023-04-01,1813.860559
2023-03-31,1822.022119
2023-03-30,1792.737136
2023-03-29,1793.001885
2023-03-28,1772.785657
2023-03-27,1715.460814
2023-03-26,1775.67675
2023-03-25,1743.764786
2023-03-24,1752.044857
2023-03-23,1816.405182
2023-03-22,1737.716986
2023-03-21,1806.760737
2023-03-20,1735.321269
2023-03-19,1785.576582
2023-03-18,1761.659683
2023-03-17,1792.485141
2023-03-16,1677.215503
2023-03-15,1656.180522
2023-03-14,1703.507126
2023-03-13,1680.308996
2023-03-12,1590.292948
2023-03-11,1482.616649
2023-03-10,1429.158133
2023-03-09,1438.660722
2023-03-08,1534.088232
2023-03-07,1561.93312
2023-03-06,1567.398702
2023-03-05,1564.468721
2023-03-04,1566.923943
2023-03-03,1569.167653
2023-03-02,1647.319279
2023-03-01,1663.433656
2023-02-28,1605.895131
2023-02-27,1634.326368
2023-02-26,1640.817156
2023-02-25,1594.914953
2023-02-24,1608.373158
2023-02-23,1651.073896
2023-02-22,1643.23171
2023-02-21,1658.036398
2023-02-20,1702.675116
2023-02-19,1681.436129
2023-02-18,1691.819457
2023-02-17,1694.783376
2023-02-16,1640.067595
2023-02-15,1673.746022
2023-02-14,1556.875153
2023-02-13,1507.165923
2023-02-12,1515.033688
2023-02-11,1539.926766
2023-02-10,1514.869146
2023-02-09,1546.438289
2023-02-08,1650.716753
2023-02-07,1672.003569
2023-02-06,1616.247127
2023-02-05,1631.645879
2023-02-04,1667.059235
2023-02-03,1664.745582
2023-02-02,1643.241589
2023-02-01,1641.792694
2023-01-31,1586.535374
2023-01-30,1567.326481
2023-01-29,1646.155588
2023-01-28,1572.435044
2023-01-27,1598.156519
2023-01-26,1603.105933
2023-01-25,1611.711043
2023-01-24,1556.60424
2023-01-23,1628.251041
2023-01-22,1628.382042
2023-01-21,1627.118218
2023-01-20,1659.754119
2023-01-19,1552.556553
2023-01-18,1515.507007
2023-01-17,1567.84605
2023-01-16,1576.833509
2023-01-15,1552.47948
2023-01-14,1550.706864
2023-01-13,1451.614839
2023-01-12,1417.938523
2023-01-11,1387.932705
2023-01-10,1336.586114
2023-01-09,1321.538946
2023-01-08,1287.359442
2023-01-07,1264.270341
2023-01-06,1269.379004
2023-01-05,1250.438551
2023-01-04,1256.526595
2023-01-03,1214.778803
2023-01-02,1214.656676
2023-01-01,1200.964832
2022-12-31,1196.771239
2022-12-30,1199.232754
2022-12-29,1201.595339
2022-12-28,1189.98606
2022-12-27,1212.791638
2022-12-26,1226.974339
2022-12-25,1218.962002
2022-12-24,1221.148602
2022-12-23,1220.159412
2022-12-22,1218.182152
2022-12-21,1213.599993
2022-12-20,1217.70358
2022-12-19,1167.609915
2022-12-18,1184.715232
2022-12-17,1188.149575
2022-12-16,1168.259354
2022-12-15,1266.353929
2022-12-14,1288.558221
2022-12-13,1320.549238
2022-12-12,1274.619057
2022-12-11,1263.868548
2022-12-10,1266.384099
2022-12-09,1264.28475
2022-12-08,1281.116312
2022-12-07,1232.437441
2022-12-06,1271.653843
2022-12-05,1259.6767
2022-12-04,1280.256594
2022-12-03,1243.334897
2022-12-02,1294.303377
2022-12-01,1276.273922
2022-11-30,1295.688606
2022-11-29,1216.901188
2022-11-28,1170.08616
2022-11-27,1195.126919
2022-11-26,1205.897939
2022-11-25,1198.925936
2022-11-24,1203.983203
2022-11-23,1183.199556
2022-11-22,1108.353046
2022-11-21,1108.353046
2022-11-20,1142.466685
2022-11-19,1218.426809
2022-11-18,1212.300247
2022-11-17,1200.808605
2022-11-16,1215.602544
2022-11-15,1251.7362
2022-11-14,1241.604213
2022-11-13,1221.819218
2022-11-12,1255.268326
2022-11-11,1287.2211
2022-11-10,1299.46461
2022-11-09,1100.16976
2022-11-08,1332.835593
2022-11-07,1568.591281
2022-11-06,1572.234757
2022-11-05,1627.968058
2022-11-04,1645.093398
2022-11-03,1531.541696
2022-11-02,1519.711823
2022-11-01,1579.704547
2022-10-31,1572.714466
2022-10-30,1590.783325
2022-10-29,1619.698459
2022-10-28,1555.477877
2022-10-27,1514.374857
2022-10-26,1566.566631
2022-10-25,1461.665424
2022-10-24,1344.998489
2022-10-23,1363.447058
2022-10-22,1314.299227
2022-10-21,1299.946442
2022-10-20,1283.200923
2022-10-19,1285.744207
2022-10-18,1310.447037
2022-10-17,1331.713608
2022-10-16,1306.296622
2022-10-15,1274.871648
2022-10-14,1297.422082
2022-10-13,1288.123895
2022-10-12,1294.906321
2022-10-11,1279.575698
2022-10-10,1291.337625
2022-10-09,1322.6043
2022-10-08,1315.500491
2022-10-07,1332.516982
2022-10-06,1351.709527
2022-10-05,1352.83714
2022-10-04,1362.126587
2022-10-03,1323.43927
2022-10-02,1276.093558
2022-10-01,1311.644431
2022-09-30,1327.978638
2022-09-29,1335.652361
2022-09-28,1337.410867
2022-09-27,1330.127702
2022-09-26,1335.320244
2022-09-25,1294.216774
2022-09-24,1317.993238
2022-09-23,1328.259555
2022-09-22,1327.680128
2022-09-21,1252.607841
2022-09-20,1324.388241
2022-09-19,1377.541328
2022-09-18,1335.329131
2022-09-17,1469.741642
2022-09-16,1432.44773
2022-09-15,1471.693432
2022-09-14,1634.755043
2022-09-13,1580.787953
2022-09-12,1713.765203
2022-09-11,1761.800027
2022-09-10,1776.203754
2022-09-09,1719.085451
2022-09-08,1635.347657
2022-09-07,1629.906375
2022-09-06,1561.74857
2022-09-05,1617.183173
2022-09-04,1577.641625
2022-09-03,1556.872629
2022-09-02,1577.220513
2022-09-01,1586.1768
2022-08-31,1553.684938
2022-08-30,1523.838862
2022-08-29,1553.037324
2022-08-28,1430.547336
2022-08-27,1491.395037
2022-08-26,1507.782863
2022-08-25,1696.457058
2022-08-24,1657.059163
2022-08-23,1662.769898
2022-08-22,1622.505817
2022-08-21,1619.318915
2022-08-20,1577.003742
2022-08-19,1612.987343
2022-08-18,1847.007835
2022-08-17,1832.999638
2022-08-16,1878.139377
2022-08-15,1904.228157
2022-08-14,1936.802045
2022-08-13,1981.33656
2022-08-12,1957.2464
2022-08-11,1881.224147
2022-08-10,1851.742703
2022-08-09,1703.02503
2022-08-08,1775.516112
2022-08-07,1699.350771
2022-08-06,1691.658087
2022-08-05,1732.254584
2022-08-04,1608.205823
2022-08-03,1618.874543
2022-08-02,1632.945439
2022-08-01,1635.195792
2022-07-31,1681.517319
2022-07-30,1695.9695
2022-07-29,1727.40693
2022-07-28,1725.468189
2022-07-27,1636.23271
2022-07-26,1441.806793
2022-07-25,1445.383422
2022-07-24,1599.476649
2022-07-23,1549.29753
2022-07-22,1537.405121
2022-07-21,1576.749561
2022-07-20,1520.200718
2022-07-19,1542.975274
2022-07-18,1578.717895
2022-07-17,1338.635703
2022-07-16,1352.626475
2022-07-15,1233.129114
2022-07-14,1191.526214
2022-07-13,1113.587153
2022-07-12,1038.191695
2022-07-11,1097.236515
2022-07-10,1168.401611
2022-07-09,1216.978284
2022-07-08,1222.506194
2022-07-07,1237.59343
2022-07-06,1186.973982
2022-07-05,1134.540972
2022-07-04,1151.059076
2022-07-03,1073.766988
2022-07-02,1066.512768
2022-07-01,1059.767382
2022-06-30,1067.2988
2022-06-29,1098.943884
2022-06-28,1144.579274
2022-06-27,1193.680713
2022-06-26,1199.831633
2022-06-25,1243.446923
2022-06-24,1226.84475
2022-06-23,1143.386686
2022-06-22,1051.421903
2022-06-21,1124.824592
2022-06-20,1127.642397
2022-06-19,1127.656467
2022-06-18,993.6368047
2022-06-17,1086.519305
2022-06-16,1067.730721
2022-06-15,1233.206443
2022-06-14,1211.662895
2022-06-13,1204.582809
2022-06-12,1445.216594
2022-06-11,1529.663456
2022-06-10,1665.042246
2022-06-09,1789.826045
2022-06-08,1793.572311
2022-06-07,1814.048302
2022-06-06,1859.289666
2022-06-05,1805.204989
2022-06-04,1801.609446
2022-06-03,1775.07862
2022-06-02,1834.15057
2022-06-01,1823.569357
2022-05-31,1942.327998
2022-05-30,1996.441284
2022-05-29,1812.030959
2022-05-28,1792.416156
2022-05-27,1724.922864
2022-05-26,1803.913292
2022-05-25,1944.827845
2022-05-24,1978.982754
2022-05-23,1972.181889
2022-05-22,2043.170126
2022-05-21,1974.518367
2022-05-20,1961.31565
2022-05-19,2018.336171
2022-05-18,1916.656106
2022-05-17,2090.409246
2022-05-16,2022.725934
2022-05-15,2145.706666
2022-05-14,2056.273915
2022-05-13,2014.418234
2022-05-12,1961.701583
2022-05-11,2072.108679
2022-05-10,2343.510888
2022-05-09,2245.430532
2022-05-08,2517.459986
2022-05-07,2636.092958
2022-05-06,2694.979684
2022-05-05,2749.213042
2022-05-04,2940.644827
2022-05-03,2783.476209
2022-05-02,2857.410518
2022-05-01,2827.756144
2022-04-30,2730.186822
2022-04-29,2815.601897
2022-04-28,2936.941016
2022-04-27,2888.929765
2022-04-26,2808.298332
2022-04-25,3009.393546
2022-04-24,2922.732643
2022-04-23,2938.113993
2022-04-22,2964.835613
2022-04-21,2987.480691
2022-04-20,3077.745833
2022-04-19,3104.106521
2022-04-18,3057.606716
2022-04-17,2993.403282
2022-04-16,3062.310381
2022-04-15,3040.916564
2022-04-14,3019.90951
2022-04-13,3118.344282
2022-04-12,3030.376456
2022-04-11,2981.052314
2022-04-10,3211.866884
2022-04-09,3261.916171
2022-04-08,3192.074044
2022-04-07,3233.274707
2022-04-06,3171.69201
2022-04-05,3411.792509
2022-04-04,3521.241137
2022-04-03,3522.8334
2022-04-02,3445.059371
2022-04-01,3449.55213
2022-03-31,3281.642878
2022-03-30,3385.157897
2022-03-29,3401.987738
2022-03-28,3336.634572
2022-03-27,3291.577586
2022-03-26,3143.179066
2022-03-25,3106.67128
2022-03-24,3108.06191
2022-03-23,3031.067025
2022-03-22,2973.131131
2022-03-21,2897.97668
2022-03-20,2860.45913
2022-03-19,2946.257139
2022-03-18,2945.343025
2022-03-17,2814.854434
2022-03-16,2772.055618
2022-03-15,2620.149625
2022-03-14,2590.696051
2022-03-13,2518.944631
2022-03-12,2574.754205
2022-03-11,2559.563044
2022-03-10,2608.048498
2022-03-09,2729.783504
2022-03-08,2576.747612
2022-03-07,2497.77132
2022-03-06,2555.037441
2022-03-05,2664.831174
2022-03-04,2617.156028
2022-03-03,2834.469105
2022-03-02,2950.118501
2022-03-01,2972.485066
2022-02-28,2919.201229
2022-02-27,2621.801794
2022-02-26,2781.111904
2022-02-25,2764.535656
2022-02-24,2598.06716
2022-02-23,2590.359621
2022-02-22,2639.299263
2022-02-21,2573.816226
2022-02-20,2628.648543
2022-02-19,2763.701214
2022-02-18,2785.727491
2022-02-17,2881.482038
2022-02-16,3127.830117
2022-02-15,3179.877076
2022-02-14,2933.479036
2022-02-13,2883.463488
2022-02-12,2917.362682
2022-02-11,2927.383633
2022-02-10,3077.482239
2022-02-09,3239.457115
2022-02-08,3122.608569
2022-02-07,3142.470615
2022-02-06,3057.476124
2022-02-05,3014.64831
2022-02-04,2983.586995
2022-02-03,2679.162508
2022-02-02,2682.853983
2022-02-01,2792.117244
2022-01-31,2688.278922
2022-01-30,2603.466582
2022-01-29,2597.084692
2022-01-28,2547.091978
2022-01-27,2423.001263
2022-01-26,2468.030278
2022-01-25,2455.934962
2022-01-24,2440.352326
2022-01-23,2535.039051
2022-01-22,2405.181065
2022-01-21,2557.931623
2022-01-20,3001.120038
2022-01-19,3095.825838
2022-01-18,3164.025254
2022-01-17,3212.304897
2022-01-16,3350.921969
2022-01-15,3330.530846
2022-01-14,3310.001423
2022-01-13,3248.288476
2022-01-12,3372.258326
2022-01-11,3238.111649
2022-01-10,3083.097949
2022-01-09,3157.751485
2022-01-08,3091.972584
2022-01-07,3193.210483
2022-01-06,3418.408247
2022-01-05,3550.386882
2022-01-04,3794.056679
2022-01-03,3761.380274
2022-01-02,3829.565045
2022-01-01,3769.696916
2021-12-31,3682.632905
2021-12-30,3713.852163
2021-12-29,3628.531671
2021-12-28,3800.893085
2021-12-27,4037.547692
2021-12-26,4067.328097
2021-12-25,4093.280911
2021-12-24,4047.982889
2021-12-23,4108.015512
2021-12-22,3982.099531
2021-12-21,4020.26004
2021-12-20,3933.844532
2021-12-19,3922.592644
2021-12-18,3960.860016
2021-12-17,3879.486677
2021-12-16,3962.469639
2021-12-15,4018.388603
2021-12-14,3745.4404
2021-12-13,3784.226788
2021-12-12,4134.453331
2021-12-11,4084.452329
2021-12-10,3908.496189
2021-12-09,4119.815798
2021-12-08,4439.357704
2021-12-07,4315.061543
2021-12-06,4358.737545
2021-12-05,4198.322873
2021-12-04,4119.58735
2021-12-03,4220.705928
2021-12-02,4511.302488
2021-12-01,4586.990131
2021-11-30,4631.478795
2021-11-29,4445.105008
2021-11-28,4294.453696
2021-11-27,4096.912088
2021-11-26,4030.909011
2021-11-25,4274.743241
2021-11-24,4239.981682
2021-11-23,4340.763727
2021-11-22,4088.457817
2021-11-21,4269.733034
2021-11-20,4409.930925
2021-11-19,4298.30662
2021-11-18,4000.650865
2021-11-17,4287.593935
2021-11-16,4216.365233
2021-11-15,4557.50379
2021-11-14,4626.359126
2021-11-13,4651.460545
2021-11-12,4667.115437
2021-11-11,4730.384039
2021-11-10,4636.174214
2021-11-09,4735.068755
2021-11-08,4812.087614
2021-11-07,4620.554503
2021-11-06,4521.581083
2021-11-05,4486.243405
2021-11-04,4537.324081
2021-11-03,4607.193607
2021-11-02,4584.798668
2021-11-01,4324.626794
2021-10-31,4288.074452
2021-10-30,4325.650366
2021-10-29,4414.746682
2021-10-28,4287.318632
2021-10-27,3930.257245
2021-10-26,4131.102003
2021-10-25,4217.876926
2021-10-24,4087.903005
2021-10-23,4171.663532
2021-10-22,3970.181904
2021-10-21,4054.322681
2021-10-20,4155.992211
2021-10-19,3877.650975
2021-10-18,3748.760141
2021-10-17,3847.104595
2021-10-16,3830.382149
2021-10-15,3862.634765
2021-10-14,3786.01409
2021-10-13,3606.20158
2021-10-12,3492.573272
2021-10-11,3545.354076
2021-10-10,3425.852853
2021-10-09,3575.71686
2021-10-08,3563.759219
2021-10-07,3587.974768
2021-10-06,3580.562049
2021-10-05,3518.518517
2021-10-04,3380.0892
2021-10-03,3418.35866
2021-10-02,3391.694347
2021-10-01,3307.516078
2021-09-30,3001.679052
2021-09-29,2853.143373
2021-09-28,2807.29674
2021-09-27,2934.138798
2021-09-26,3062.265356
2021-09-25,2925.565609
2021-09-24,2931.669217
2021-09-23,3155.523734
2021-09-22,3077.867981
2021-09-21,2764.431131
2021-09-20,2958.993505
2021-09-19,3329.447895
2021-09-18,3432.018235
2021-09-17,3398.538778
2021-09-16,3571.294935
2021-09-15,3615.282616
2021-09-14,3429.169637
2021-09-13,3285.511766
2021-09-12,3410.134593
2021-09-11,3270.278125
2021-09-10,3211.50584
2021-09-09,3427.340186
2021-09-08,3497.315123
2021-09-07,3426.394318
2021-09-06,3928.379438
2021-09-05,3952.133497
2021-09-04,3887.82849
2021-09-03,3940.614737
2021-09-02,3790.990088
2021-09-01,3834.828005
2021-08-31,3433.732781
2021-08-30,3224.374148
2021-08-29,3227.002774
2021-08-28,3244.403261
2021-08-27,3270.600832
2021-08-26,3100.325436
2021-08-25,3224.915177
2021-08-24,3172.45639
2021-08-23,3319.257274
2021-08-22,3242.115557
2021-08-21,3226.083937
2021-08-20,3286.935326
2021-08-19,3182.702225
2021-08-18,3020.08992
2021-08-17,3014.846039
2021-08-16,3156.509427
2021-08-15,3310.504171
2021-08-14,3265.443357
2021-08-13,3322.211756
2021-08-12,3043.41434
2021-08-11,3164.245046
2021-08-10,3141.69117
2021-08-09,3167.856223
2021-08-08,3013.732756
2021-08-07,3157.238771
2021-08-06,2890.941728
2021-08-05,2827.328946
2021-08-04,2724.619893
2021-08-03,2502.349577
2021-08-02,2610.153422
2021-08-01,2561.852153
2021-07-31,2536.210035
2021-07-30,2466.961511
2021-07-29,2380.956753
2021-07-28,2296.545499
2021-07-27,2298.333464
2021-07-26,2233.366624
2021-07-25,2191.37373
2021-07-24,2189.218747
2021-07-23,2124.776671
2021-07-22,2025.202784
2021-07-21,1990.970882
2021-07-20,1787.510714
2021-07-19,1817.296657
2021-07-18,1895.552137
2021-07-17,1898.825213
2021-07-16,1880.382985
2021-07-15,1911.175616
2021-07-14,1994.331337
2021-07-13,1940.083966
2021-07-12,2036.72101
2021-07-11,2139.664742
2021-07-10,2111.403456
2021-07-09,2146.692324
2021-07-08,2120.026343
2021-07-07,2315.161975
2021-07-06,2324.679449
2021-07-05,2198.582464
2021-07-04,2321.724112
2021-07-03,2226.114282
2021-07-02,2150.040364
2021-07-01,2113.605523
2021-06-30,2274.547713
2021-06-29,2160.768352
2021-06-28,2079.657436
2021-06-27,1978.894662
2021-06-26,1829.239217
2021-06-25,1813.217232
2021-06-24,1988.456276
2021-06-23,1989.736271
2021-06-22,1874.950021
2021-06-21,1888.447497
2021-06-20,2246.364533
2021-06-19,2178.499139
2021-06-18,2231.733142
2021-06-17,2372.002024
2021-06-16,2367.663496
2021-06-15,2610.936727
2021-06-14,2537.891158
2021-06-13,2508.391632
2021-06-12,2372.484454
2021-06-11,2353.768687
2021-06-10,2471.518675
2021-06-09,2608.266986
2021-06-08,2517.438624
2021-06-07,2590.263304
2021-06-06,2715.092661
2021-06-05,2630.576801
2021-06-04,2688.194999
2021-06-03,2855.126531
2021-06-02,2706.124971
2021-06-01,2633.518417
2021-05-31,2714.945344
2021-05-30,2390.305302
2021-05-29,2279.514177
2021-05-28,2419.90629
2021-05-27,2736.488586
2021-05-26,2888.698681
2021-05-25,2706.628981
2021-05-24,2643.590995
2021-05-23,2109.579852
2021-05-22,2295.705657
2021-05-21,2430.621385
2021-05-20,2784.294158
2021-05-19,2460.6792
2021-05-18,3380.070093
2021-05-17,3282.397796
2021-05-16,3587.506206
2021-05-15,3638.122042
2021-05-14,4079.057459
2021-05-13,3715.148466
2021-05-12,3785.848603
2021-05-11,4168.701049
2021-05-10,3952.293872
2021-05-09,3928.844706
2021-05-08,3902.647734
2021-05-07,3484.728895
2021-05-06,3490.880459
2021-05-05,3522.78319
2021-05-04,3253.62947
2021-05-03,3431.08614
2021-05-02,2952.056055
2021-05-01,2945.892708
2021-04-30,2773.207132
2021-04-29,2756.876994
2021-04-28,2746.380053
2021-04-27,2662.865246
2021-04-26,2534.481799
2021-04-25,2316.059659
2021-04-24,2211.625808
2021-04-23,2363.586201
2021-04-22,2403.535241
2021-04-21,2364.751822
2021-04-20,2330.210937
2021-04-19,2166.188766
2021-04-18,2237.137028
2021-04-17,2344.894981
2021-04-16,2431.946504
2021-04-15,2519.1161
2021-04-14,2435.105019
2021-04-13,2299.187786
2021-04-12,2139.353196
2021-04-11,2157.657037
2021-04-10,2135.942201
2021-04-09,2072.108876
2021-04-08,2088.573651
2021-04-07,1971.077255
2021-04-06,2118.378959
2021-04-05,2107.887097
2021-04-04,2093.122853
2021-04-03,2028.422439
2021-04-02,2143.225632
2021-04-01,1977.276888
2021-03-31,1918.362061
2021-03-30,1846.033698
2021-03-29,1819.684963
2021-03-28,1691.355965
2021-03-27,1716.494612
2021-03-26,1702.84202
2021-03-25,1595.359192
2021-03-24,1593.413457
2021-03-23,1678.650138
2021-03-22,1691.334018
2021-03-21,1788.217009
2021-03-20,1812.634601
2021-03-19,1817.624092
2021-03-18,1782.855124
2021-03-17,1823.44938
2021-03-16,1806.971763
2021-03-15,1791.702302
2021-03-14,1854.564378
2021-03-13,1924.68544
2021-03-12,1772.102478
2021-03-11,1826.194987
2021-03-10,1799.166224
2021-03-09,1868.048781
2021-03-08,1834.727886
2021-03-07,1723.153796
2021-03-06,1654.741517
2021-03-05,1533.274976
2021-03-04,1541.914286
2021-03-03,1575.853125
2021-03-02,1492.608814
2021-03-01,1564.707647
2021-02-28,1416.048906
2021-02-27,1459.973121
2021-02-26,1446.03365
2021-02-25,1475.703735
2021-02-24,1626.575705
2021-02-23,1570.203925
2021-02-22,1781.992976
2021-02-21,1935.60106
2021-02-20,1919.534003
2021-02-19,1960.164744
2021-02-18,1937.449256
2021-02-17,1848.458273
2021-02-16,1781.067477
2021-02-15,1779.790978
2021-02-14,1805.084047
2021-02-13,1814.109853
2021-02-12,1843.532588
2021-02-11,1783.79795
2021-02-10,1744.243432
2021-02-09,1768.035017
2021-02-08,1746.616849
2021-02-07,1614.227823
2021-02-06,1677.846847
2021-02-05,1718.650872
2021-02-04,1594.762694
2021-02-03,1660.909542
2021-02-02,1515.19377
2021-02-01,1369.040469
2021-01-31,1314.986229
2021-01-30,1376.115539
2021-01-29,1382.522812
2021-01-28,1332.492245
2021-01-27,1253.187133
2021-01-26,1357.05814
2021-01-25,1324.414778
2021-01-24,1391.609408
2021-01-23,1230.990636
2021-01-22,1236.512207
2021-01-21,1121.57092
2021-01-20,1382.274094
2021-01-19,1377.295842
2021-01-18,1257.279502
2021-01-17,1230.172272
2021-01-16,1233.537568
2021-01-15,1171.834611
2021-01-14,1218.452978
2021-01-13,1130.739402
2021-01-12,1043.434584
2021-01-11,1090.145373
2021-01-10,1262.246664
2021-01-09,1281.077291
2021-01-08,1224.197145
2021-01-07,1225.678135
2021-01-06,1207.112234
2021-01-05,1100.006099
2021-01-04,1040.233048
2021-01-03,975.5076729
2021-01-02,774.534968
2021-01-01,730.3675691
2020-12-31,737.8033977
2020-12-30,751.6189719
2020-12-29,731.5201187
2020-12-28,730.3973648
2020-12-27,682.6423591
2020-12-26,635.8358309
2020-12-25,626.4107016
2020-12-24,611.6071869
2020-12-23,583.7145969
2020-12-22,634.8541995
2020-12-21,609.8178717
2020-12-20,638.2908464
2020-12-19,659.2979265
2020-12-18,654.8119269
2020-12-17,642.868967
2020-12-16,636.1818487
2020-12-15,589.3556025
2020-12-14,586.011152
2020-12-13,589.6632225
2020-12-12,568.5673178
2020-12-11,545.797341
2020-12-10,559.6785011
2020-12-09,573.4791116
2020-12-08,554.8277571
2020-12-07,591.8433793
2020-12-06,601.9089924
2020-12-05,596.5954747
2020-12-04,569.3541975
2020-12-03,616.7087549
2020-12-02,598.3523422
2020-12-01,587.3241871
2020-11-30,614.842522
2020-11-29,575.7580479
2020-11-28,538.2298006
2020-11-27,517.4936877
2020-11-26,518.8011739
2020-11-25,570.6866162
2020-11-24,603.897746
2020-11-23,608.4540286
2020-11-22,558.0680952
2020-11-21,549.4866209
2020-11-20,509.7445733
2020-11-19,471.6304197
2020-11-18,479.4840698
2020-11-17,480.3600826
2020-11-16,459.9403126
2020-11-15,447.5590953
2020-11-14,460.1498367
2020-11-13,474.6264209
2020-11-12,461.0052711
2020-11-11,462.9605277
2020-11-10,449.6796211
2020-11-09,444.1630571
2020-11-08,453.5547855
2020-11-07,435.7131351
2020-11-06,454.7192903
2020-11-05,414.0673382
2020-11-04,402.1419984
2020-11-03,387.6021733
2020-11-02,383.1567326
2020-11-01,396.3581869
2020-10-31,386.5903353
2020-10-30,382.819992
2020-10-29,386.7301135
2020-10-28,388.6507707
2020-10-27,403.9970451
2020-10-26,393.8883131
2020-10-25,406.2177613
2020-10-24,412.4576188
2020-10-23,409.7666916
2020-10-22,413.7729927
2020-10-21,392.189967
2020-10-20,369.1369149
2020-10-19,379.9356093
2020-10-18,378.213698
2020-10-17,368.8559404
2020-10-16,366.2290173
2020-10-15,377.4418457
2020-10-14,379.4840379
2020-10-13,381.1907613
2020-10-12,387.7312655
2020-10-11,375.1420494
2020-10-10,370.9675882
2020-10-09,365.5904772
2020-10-08,350.7661593
2020-10-07,341.808669
2020-10-06,340.8158454
2020-10-05,353.9567715
2020-10-04,352.5790067
2020-10-03,346.5220857
2020-10-02,346.2389138
2020-10-01,353.2059148
2020-09-30,359.9378738
2020-09-29,359.7573939
2020-09-28,355.1594236
2020-09-27,357.4384972
2020-09-26,355.4880904
2020-09-25,352.1832447
2020-09-24,349.3555851
2020-09-23,321.1163173
2020-09-22,344.5031623
2020-09-21,341.7860741
2020-09-20,371.0528262
2020-09-19,385.5443836
2020-09-18,384.364542
2020-09-17,389.0192197
2020-09-16,365.8122913
2020-09-15,364.8392182
2020-09-14,377.2688751
2020-09-13,365.570005
2020-09-12,387.1831096
2020-09-11,374.6955888
2020-09-10,368.1019071
2020-09-09,351.1100165
2020-09-08,337.6021119
2020-09-07,352.6734948
2020-09-06,353.3622657
2020-09-05,335.2600791
2020-09-04,388.2411404
2020-09-03,385.6719284
2020-09-02,440.0405069
2020-09-01,477.0519242
2020-08-31,435.0797453
2020-08-30,428.3957176
2020-08-29,399.921471
2020-08-28,395.8746661
2020-08-27,382.6326321
2020-08-26,386.4661242
2020-08-25,384.001043
2020-08-24,408.1442071
2020-08-23,391.3844998
2020-08-22,395.8351412
2020-08-21,389.1263503
2020-08-20,416.4397949
2020-08-19,406.4637868
2020-08-18,423.6693157
2020-08-17,429.5312523
2020-08-16,433.78661
2020-08-15,433.3549265
2020-08-14,437.3978395
2020-08-13,428.7417823
2020-08-12,391.0241621
2020-08-11,380.3840683
2020-08-10,395.8875695
2020-08-09,391.1204549
2020-08-08,393.9873761
2020-08-07,379.512855
2020-08-06,394.9619571
2020-08-05,401.5905863
2020-08-04,389.8754851
2020-08-03,386.2951734
2020-08-02,370.6717115
2020-08-01,385.1997193
2020-07-31,345.5546493
2020-07-30,334.5866293
2020-07-29,318.1908844
2020-07-28,316.6572523
2020-07-27,321.5140882
2020-07-26,309.6436093
2020-07-25,304.0567612
2020-07-24,279.2154095
2020-07-23,274.689049
2020-07-22,262.1906563
2020-07-21,245.0167285
2020-07-20,236.1531677
2020-07-19,238.4875237
2020-07-18,235.4838052
2020-07-17,232.7730856
2020-07-16,233.640883
2020-07-15,238.4235269
2020-07-14,240.2114942
2020-07-13,239.6045848
2020-07-12,242.1316952
2020-07-11,239.4581769
2020-07-10,240.9849852
2020-07-09,243.0159678
2020-07-08,246.6700154
2020-07-07,239.0755283
2020-07-06,241.5102251
2020-07-05,227.6645987
2020-07-04,229.0741123
2020-07-03,225.3870633
2020-07-02,229.3922016
2020-07-01,231.1134217
2020-06-30,226.3149974
2020-06-29,228.1948667
2020-06-28,225.3471684
2020-06-27,222.9597859
2020-06-26,229.6680393
2020-06-25,232.9444867
2020-06-24,235.7724621
2020-06-23,244.1421443
2020-06-22,242.5331931
2020-06-21,228.9898205
2020-06-20,229.2742568
2020-06-19,227.1382898
2020-06-18,232.1011626
2020-06-17,233.0282795
2020-06-16,234.4161741
2020-06-15,229.9289018
2020-06-14,234.1146952
2020-06-13,238.9088428
2020-06-12,237.4932103
2020-06-11,231.7026694
2020-06-10,247.4449437
2020-06-09,244.9114538
2020-06-08,246.3098986
2020-06-07,245.1672591
2020-06-06,241.9313201
2020-06-05,241.2219918
2020-06-04,244.4263876
2020-06-03,244.179324
2020-06-02,237.2190615
2020-06-01,246.9917603
2020-05-31,230.9757009
2020-05-30,242.3455902
2020-05-29,220.6751243
2020-05-28,219.8404313
2020-05-27,208.8634294
2020-05-26,201.90231
2020-05-25,205.3197501
2020-05-24,202.370351
2020-05-23,208.6944028
2020-05-22,207.1691946
2020-05-21,199.8836056
2020-05-20,210.0967356
2020-05-19,213.4511109
2020-05-18,214.5250552
2020-05-17,207.1586943
2020-05-16,200.6771186
2020-05-15,195.6226583
2020-05-14,202.9491008
2020-05-13,199.1932834
2020-05-12,189.3125023
2020-05-11,185.912837
2020-05-10,188.5995704
2020-05-09,211.6001236
2020-05-08,212.9915798
2020-05-07,212.2894058
2020-05-06,204.0557823
2020-05-05,206.7744045
2020-05-04,208.1740109
2020-05-03,210.9331569
2020-05-02,215.3253842
2020-05-01,214.2191064
2020-04-30,207.6020559
2020-04-29,216.9682239
2020-04-28,198.415383
2020-04-27,197.2247212
2020-04-26,197.3175302
2020-04-25,195.5153007
2020-04-24,189.2369419
2020-04-23,185.0286708
2020-04-22,182.5995748
2020-04-21,172.7377005
2020-04-20,172.2971576
2020-04-19,181.6149591
2020-04-18,186.9140058
2020-04-17,171.6385827
2020-04-16,172.1573828
2020-04-15,153.2868929
2020-04-14,157.5963957
2020-04-13,156.2795491
2020-04-12,161.1424201
2020-04-11,158.2160237
2020-04-10,158.4124486
2020-04-09,170.8071475
2020-04-08,172.6417338
2020-04-07,165.1019425
2020-04-06,169.1358846
2020-04-05,143.5466487
2020-04-04,145.2193846
2020-04-03,142.0913099
2020-04-02,142.0291476
2020-04-01,135.6345523
2020-03-31,133.5935651
2020-03-30,132.9045381
2020-03-29,125.5837304
2020-03-28,130.9864949
2020-03-27,133.9379402
2020-03-26,138.3615573
2020-03-25,136.1958929
2020-03-24,138.761445
2020-03-23,134.911612
2020-03-22,123.3211477
2020-03-21,132.8187078
2020-03-20,132.7371701
2020-03-19,136.593858
2020-03-18,114.842273
2020-03-17,113.9427502
2020-03-16,110.605876
2020-03-15,125.2143043
2020-03-14,123.3060246
2020-03-13,133.2018072
2020-03-12,112.3471238
2020-03-11,194.8685285
2020-03-10,200.7672474
2020-03-09,201.9863271
2020-03-08,200.6890523
2020-03-07,237.853095
2020-03-06,243.5252997
2020-03-05,229.2681889
2020-03-04,224.5179764
2020-03-03,224.4796223
2020-03-02,230.5697818
2020-03-01,218.9705999
2020-02-29,219.8485126
2020-02-28,226.7605015
2020-02-27,226.7533953
2020-02-26,225.6802655
2020-02-25,247.8175923
2020-02-24,265.2164173
2020-02-23,273.754156
2020-02-22,262.331721
2020-02-21,265.6006125
2020-02-20,257.949455
2020-02-19,259.7639627
2020-02-18,281.9445791
2020-02-17,266.3634463
2020-02-16,259.8947035
2020-02-15,264.7285853
2020-02-14,284.2175096
2020-02-13,268.099256
2020-02-12,265.4061261
2020-02-11,235.8511995
2020-02-10,223.5226996
2020-02-09,228.57857
2020-02-08,223.1465217
2020-02-07,222.7260663
2020-02-06,212.3390797
2020-02-05,204.2302447
2020-02-04,189.2506024
2020-02-03,189.8650632
2020-02-02,188.6175382
2020-02-01,183.6739471
2020-01-31,180.1601752
2020-01-30,184.6904764
2020-01-29,175.0503379
2020-01-28,176.3703205
2020-01-27,170.9308904
2020-01-26,168.0771005
2020-01-25,161.2839364
2020-01-24,163.0511829
2020-01-23,162.9285584
2020-01-22,168.2941617
2020-01-21,169.6971639
2020-01-20,167.1205093
2020-01-19,166.969842
2020-01-18,175.3656715
2020-01-17,170.779958
2020-01-16,164.391011
2020-01-15,166.2306851
2020-01-14,165.9553586
2020-01-13,144.2265911
2020-01-12,145.8739312
2020-01-11,142.9271145
2020-01-10,143.9637812
2020-01-09,138.9791967
2020-01-08,141.2581344
2020-01-07,143.5439983
2020-01-06,144.3041537
2020-01-05,136.2767767
2020-01-04,135.0693713
2020-01-03,134.1717125
2020-01-02,127.4101824
2020-01-01,130.8020081
2019-12-31,129.6108594
2019-12-30,132.6334889
2019-12-29,134.7579854
2019-12-28,128.3227117
2019-12-27,127.2146109
2019-12-26,126.3612229
2019-12-25,126.4546376
2019-12-24,129.0638929
2019-12-23,128.6140889
2019-12-22,132.3725195
2019-12-21,128.1309493
2019-12-20,129.0660499
2019-12-19,129.32113
2019-12-18,133.0921944
2019-12-17,122.6038881
2019-12-16,133.61403
2019-12-15,143.1149898
2019-12-14,142.8692272
2019-12-13,144.9447419
2019-12-12,145.6040105
2019-12-11,143.6079984
2019-12-10,146.267046
2019-12-09,148.2251688
2019-12-08,151.2647253
2019-12-07,148.7681629
2019-12-06,149.1944478
2019-12-05,149.2489946
2019-12-04,146.7477378
2019-12-03,147.9564152
2019-12-02,149.0591527
2019-12-01,151.1857294
2019-11-30,152.5396913
2019-11-29,155.3041459
2019-11-28,151.717574
2019-11-27,153.0105521
2019-11-26,148.9650662
2019-11-25,146.4765357
2019-11-24,142.8347014
2019-11-23,153.4177918
2019-11-22,150.268171
2019-11-21,161.4627255
2019-11-20,175.6983433
2019-11-19,177.4555454
2019-11-18,180.5596049
2019-11-17,185.1192355
2019-11-16,183.3483592
2019-11-15,180.5211809
2019-11-14,185.9996359
2019-11-13,188.2587452
2019-11-12,186.8434116
2019-11-11,185.4896461
2019-11-10,189.4772742
2019-11-09,185.0287221
2019-11-08,184.2114703
2019-11-07,187.9765437
2019-11-06,191.5938415
2019-11-05,189.3041706
2019-11-04,186.3551908
2019-11-03,182.4250219
2019-11-02,183.9257174
2019-11-01,183.9699024
2019-10-31,183.9669176
2019-10-30,184.6921644
2019-10-29,190.3425821
2019-10-28,182.6628176
2019-10-27,184.2422113
2019-10-26,179.8354781
2019-10-25,181.5232142
2019-10-24,162.1685406
2019-10-23,162.4027878
2019-10-22,172.3008541
2019-10-21,174.9209876
2019-10-20,175.5343737
2019-10-19,172.9130258
2019-10-18,173.6213408
2019-10-17,178.0283483
2019-10-16,176.0135114
2019-10-15,181.4060597
2019-10-14,186.9609064
2019-10-13,182.075153
2019-10-12,180.82664
2019-10-11,182.5696919
2019-10-10,191.6596724
2019-10-09,193.2932579
2019-10-08,182.0215638
2019-10-07,181.1863333
2019-10-06,173.0591448
2019-10-05,176.3515228
2019-10-04,176.9850069
2019-10-03,175.1993415
2019-10-02,180.7105063
2019-10-01,177.3404197
2019-09-30,179.8722015
2019-09-29,170.5034854
2019-09-28,174.5728917
2019-09-27,174.7109929
2019-09-26,166.7271245
2019-09-25,170.8926951
2019-09-24,168.1107362
2019-09-23,201.9213127
2019-09-22,211.5453864
2019-09-21,215.5162092
2019-09-20,218.0500552
2019-09-19,221.2808589
2019-09-18,211.3930349
2019-09-17,208.6087486
2019-09-16,197.1131774
2019-09-15,189.7891299
2019-09-14,188.1055085
2019-09-13,181.1097234
2019-09-12,181.0160916
2019-09-11,178.7254926
2019-09-10,179.7871718
2019-09-09,181.1494675
2019-09-08,181.3555241
2019-09-07,178.2626164
2019-09-06,169.9561748
2019-09-05,174.2171268
2019-09-04,175.9928843
2019-09-03,179.499322
2019-09-02,178.3473536
2019-09-01,171.62942
2019-08-31,172.4697889
2019-08-30,168.8348752
2019-08-29,169.5167345
2019-08-28,173.8899734
2019-08-27,187.5166613
2019-08-26,188.929375
2019-08-25,186.8423926
2019-08-24,191.2895627
2019-08-23,194.7062086
2019-08-22,191.3329125
2019-08-21,186.8916305
2019-08-20,196.5654081
2019-08-19,203.0919326
2019-08-18,194.4935305
2019-08-17,185.6876793
2019-08-16,185.4400734
2019-08-15,188.5020601
2019-08-14,186.6077412
2019-08-13,208.7090407
2019-08-12,211.288064
2019-08-11,216.0928718
2019-08-10,206.7335343
2019-08-09,210.4889133
2019-08-08,220.941859
2019-08-07,226.3910078
2019-08-06,226.02065
2019-08-05,234.2150271
2019-08-04,222.6697267
2019-08-03,222.4903354
2019-08-02,217.8715617
2019-08-01,217.8084434
2019-07-31,218.6541458
2019-07-30,210.5226036
2019-07-29,211.268058
2019-07-28,211.186552
2019-07-27,207.4083173
2019-07-26,219.6296029
2019-07-25,219.6179949
2019-07-24,217.0463683
2019-07-23,212.7285229
2019-07-22,217.5600202
2019-07-21,225.6307687
2019-07-20,229.1192217
2019-07-19,221.3334213
2019-07-18,226.5661591
2019-07-17,211.4849629
2019-07-16,199.1886753
2019-07-15,229.7759958
2019-07-14,227.5780707
2019-07-13,269.4588106
2019-07-12,276.2767108
2019-07-11,268.7040399
2019-07-10,290.0023183
2019-07-09,308.8810167
2019-07-08,313.2514039
2019-07-07,305.7005597
2019-07-06,287.5471259
2019-07-05,287.9975234
2019-07-04,284.5232114
2019-07-03,303.0999651
2019-07-02,291.5964408
2019-07-01,293.6411173
2019-06-30,290.6959989
2019-06-29,320.0589143
2019-06-28,311.2261033
2019-06-27,294.267645
2019-06-26,336.7531884
2019-06-25,318.12631
2019-06-24,310.4246692
2019-06-23,307.8277841
2019-06-22,309.3803053
2019-06-21,294.9102796
2019-06-20,271.6950172
2019-06-19,269.4317979
2019-06-18,265.0518577
2019-06-17,274.3511151
2019-06-16,269.2232015
2019-06-15,269.0193223
2019-06-14,264.0874578
2019-06-13,256.1687923
2019-06-12,260.9033037
2019-06-11,245.7818279
2019-06-10,247.5201251
2019-06-09,233.0866982
2019-06-08,245.7380914
2019-06-07,250.9303604
2019-06-06,249.4743387
2019-06-05,247.0510166
2019-06-04,241.3387863
2019-06-03,252.6079298
2019-06-02,270.225528
2019-06-01,265.3912607
2019-05-31,268.1135603
2019-05-30,255.8589485
2019-05-29,269.4557018
2019-05-28,271.7687108
2019-05-27,272.8626436
2019-05-26,267.0696446
2019-05-25,251.7598723
2019-05-24,249.484985
2019-05-23,245.9656721
2019-05-22,244.6989116
2019-05-21,255.2158759
2019-05-20,251.8644167
2019-05-19,261.2922193
2019-05-18,234.5952296
2019-05-17,243.7645934
2019-05-16,264.0100231
2019-05-15,247.1530654
2019-05-14,217.1485717
2019-05-13,196.8462769
2019-05-12,187.3253227
2019-05-11,194.3043415
2019-05-10,173.142739
2019-05-09,170.2893016
2019-05-08,170.9481682
2019-05-07,169.7986574
2019-05-06,172.653208
2019-05-05,163.450697
2019-05-04,164.0265805
2019-05-03,167.9524086
2019-05-02,162.1227913
2019-05-01,160.8183443
2019-04-30,162.1660371
2019-04-29,155.2019955
2019-04-28,157.295074
2019-04-27,158.4349324
2019-04-26,156.3470873
2019-04-25,154.4594
2019-04-24,165.8260906
2019-04-23,171.4477988
2019-04-22,171.8746696
2019-04-21,170.0465218
2019-04-20,173.7512654
2019-04-19,173.7084412
2019-04-18,173.8140324
2019-04-17,166.9507616
2019-04-16,167.6234412
2019-04-15,161.5741783
2019-04-14,167.8385207
2019-04-13,164.5133499
2019-04-12,164.7363234
2019-04-11,165.4970174
2019-04-10,177.3374765
2019-04-09,176.1145745
2019-04-08,180.2588154
2019-04-07,174.5316474
2019-04-06,165.947208
2019-04-05,165.5148459
2019-04-04,158.0525378
2019-04-03,161.4588013
2019-04-02,163.9617418
2019-04-01,141.8303243
2019-03-31,141.5140941
2019-03-30,142.0926806
2019-03-29,142.4974171
2019-03-28,139.4164776
2019-03-27,140.9881575
2019-03-26,135.4603529
2019-03-25,135.0310275
2019-03-24,136.9869252
2019-03-23,138.2398746
2019-03-22,137.181435
2019-03-21,136.6360607
2019-03-20,140.6863617
2019-03-19,140.5191992
2019-03-18,139.3746006
2019-03-17,140.0005495
2019-03-16,142.3981758
2019-03-15,137.6917838
2019-03-14,133.7115998
2019-03-13,133.2630762
2019-03-12,134.4428887
2019-03-11,133.8340316
2019-03-10,136.7586831
2019-03-09,137.9653356
2019-03-08,135.127075
2019-03-07,138.0345024
2019-03-06,138.7893541
2019-03-05,137.8223848
2019-03-04,127.7741213
2019-03-03,132.2494171
2019-03-02,134.2069553
2019-03-01,136.4436228
2019-02-28,136.746252
2019-02-27,136.1259545
2019-02-26,138.089682
2019-02-25,139.8228555
2019-02-24,135.8526536
2019-02-23,158.7954298
2019-02-22,149.0924543
2019-02-21,146.1308443
2019-02-20,149.554344
2019-02-19,145.3461836
2019-02-18,146.098371
2019-02-17,133.598883
2019-02-16,123.2602131
2019-02-15,122.1003874
2019-02-14,121.3902037
2019-02-13,122.5536026
2019-02-12,122.5722911
2019-02-11,121.298396
2019-02-10,124.8064849
2019-02-09,119.4308833
2019-02-08,119.2677489
2019-02-07,104.5352986
2019-02-06,104.9192899
2019-02-05,107.4435202
2019-02-04,107.8216034
2019-02-03,107.4926715
2019-02-02,110.4302619
2019-02-01,107.6097869
2019-01-31,107.0610131
2019-01-30,108.9075398
2019-01-29,105.5982138
2019-01-28,106.5899768
2019-01-27,113.4052919
2019-01-26,116.4887385
2019-01-25,116.3783436
2019-01-24,117.3628864
2019-01-23,117.4526092
2019-01-22,118.7475509
2019-01-21,117.1578522
2019-01-20,119.474829
2019-01-19,124.5190212
2019-01-18,121.0102652
2019-01-17,123.7419217
2019-01-16,123.5470615
2019-01-15,122.0327123
2019-01-14,129.0687326
2019-01-13,116.8978015
2019-01-12,125.9665328
2019-01-11,127.5483249
2019-01-10,128.6251859
2019-01-09,150.8031105
2019-01-08,150.3596334
2019-01-07,151.6992135
2019-01-06,157.7461993
2019-01-05,155.6385895
2019-01-04,154.5819423
2019-01-03,149.1350034
2019-01-02,155.0476772
2019-01-01,140.8194132
2018-12-31,133.3682634
2018-12-30,139.8594529
2018-12-29,138.0183348
2018-12-28,137.6470133
2018-12-27,116.5759105
2018-12-26,131.8656274
2018-12-25,129.8443518
2018-12-24,140.2380026
2018-12-23,130.7652598
2018-12-22,116.7594992
2018-12-21,109.4962336
2018-12-20,116.2168701
2018-12-19,101.2685752
2018-12-18,101.1124558
2018-12-17,95.13382712
2018-12-16,85.26209693
2018-12-15,84.44080953
2018-12-14,84.30829593
2018-12-13,86.53931489
2018-12-12,90.59330191
2018-12-11,88.94530321
2018-12-10,91.68565676
2018-12-09,95.14205948
2018-12-08,92.15963969
2018-12-07,93.29456401
2018-12-06,91.76105616
2018-12-05,102.4755556
2018-12-04,110.2141896
2018-12-03,108.9250178
2018-12-02,116.3888993
2018-12-01,118.6355586
2018-11-30,113.1714211
2018-11-29,117.5426452
2018-11-28,122.438
2018-11-27,110.01
2018-11-26,108.335
2018-11-25,116.45
2018-11-24,113.494
2018-11-23,123.296
2018-11-22,126.706
2018-11-21,136.701
2018-11-20,130.339
2018-11-19,149.175
2018-11-18,177.067
2018-11-17,174.001
2018-11-16,175.177
2018-11-15,180.806
2018-11-14,181.397
2018-11-13,206.826
2018-11-12,210.418
2018-11-11,211.34
2018-11-10,212.533
2018-11-09,210.074
2018-11-08,212.231
2018-11-07,217.183
2018-11-06,218.452
2018-11-05,209.091
2018-11-04,207.486
2018-11-03,200.186
2018-11-02,200.635
2018-11-01,198.872
2018-10-31,197.381
2018-10-30,197.556
2018-10-29,197.247
2018-10-28,205.366
2018-10-27,204.21
2018-10-26,203.329
2018-10-25,202.719
2018-10-24,203.852
2018-10-23,204.336
2018-10-22,204.044
2018-10-21,205.142
2018-10-20,205.43
2018-10-19,203.727
2018-10-18,203.352
2018-10-17,207.083
2018-10-16,210.12
2018-10-15,209.704
2018-10-14,195.715
2018-10-13,199.841
2018-10-12,196.727
2018-10-11,189.499
2018-10-10,225.769
2018-10-09,227.982
2018-10-08,229.255
2018-10-07,226.119
2018-10-06,225.12
2018-10-05,227.601
2018-10-04,222.218
2018-10-03,220.489
2018-10-02,227.181
2018-10-01,230.768
2018-09-30,232.848
2018-09-29,231.635
2018-09-28,222.402
2018-09-27,228.494
2018-09-26,215.847
2018-09-25,218.505
2018-09-24,228.73
2018-09-23,244.33
2018-09-22,240.48
2018-09-21,246.584
2018-09-20,224.591
2018-09-19,209.969
2018-09-18,209.975
2018-09-17,197.875
2018-09-16,220.589
2018-09-15,223.074
2018-09-14,211.749
2018-09-13,211.354
2018-09-12,183.331
2018-09-11,185.066
2018-09-10,197.079
2018-09-09,196.924
2018-09-08,197.951
2018-09-07,217.203
2018-09-06,230.215
2018-09-05,232.331
2018-09-04,285.723
2018-09-03,289.259
2018-09-02,294.371
2018-09-01,295.341
2018-08-31,283.004
2018-08-30,284.105
2018-08-29,289.312
2018-08-28,296.499
2018-08-27,285.603
2018-08-26,275.197
2018-08-25,279.646
2018-08-24,282.967
2018-08-23,277.104
2018-08-22,271.341
